{
    "final_reproj_error": 0.399639,
    "fps": 59.94005994005994,
    "image_height": 2028,
    "image_width": 2704,
    "intrinsic_type": "FISHEYE",
    "intrinsics": {
      "aspect_ratio": 0.9834915907943715,
      "focal_length": 389.409,
      "principal_pt_x": 668.407,
      "principal_pt_y": 508.187,
      "radial_distortion_1": 0.000747276,
      "radial_distortion_2": -0.00525625,
      "radial_distortion_3": 0.00634346,
      "radial_distortion_4": -0.00748918,
      "skew": 0.0
    },
    "nr_calib_images": 59,
    "stabelized": false
}  
