{
    "final_reproj_error": 0.2916398582648,
    "fps": 59.94005994005994,
    "image_height": 4000,
    "image_width": 3000,
    "intrinsic_type": "FISHEYE",
    "intrinsics": {
      "aspect_ratio": 0.9834915907943715,
      "focal_length": 413.33,
      "principal_pt_x": 1669.4581914236783,
      "principal_pt_y": 1989.4061951790347,
      "radial_distortion_1": 0.023489,
      "radial_distortion_2": -0.02209,
      "radial_distortion_3": 0.0229981,
      "radial_distortion_4": -0.0138983,
      "skew": 0.0
    },
    "nr_calib_images": 59,
    "stabilized": false
}
